t0,s_r,s_f,N,d_r,d_f,total_integral,tail_integral,fom
44.382781828492995,6.058366725284868,100.25240954754616,575.38104480607,10.281028102810282,121.5121512151215,30789.61610637062,53923.319612614934,0.5709888843558443
37.99238141146089,5.914302422473547,99.61640637364563,387.689448890694,10.281028102810279,122.73227322732275,20492.318140162824,36150.84632993706,0.5668558338340429
49.6112114411376,5.567324372569375,101.55516229411487,433.09261729475946,9.520952095209516,115.25152515251524,22934.58094471228,40501.78732036589,0.5662609593819055
31.394685831879908,5.771986261633449,100.71323692276921,229.12208803084195,10.00100010001,125.57255725572557,11629.644217495616,21630.404972764467,0.5376526344346706
38.07153888386165,6.47882211769671,99.67881646335947,153.5338156707295,11.68116811681168,122.27222722272226,7487.9277241857835,14492.31114356862,0.5166827878594621
36.49462300598896,5.975437117989049,100.23661016851483,715.0556656652678,10.161016101610162,120.65206520652066,38127.28894052024,66884.96725343273,0.5700427241902168
42.95249199694986,6.335144049403956,101.73540921585547,148.06447095149645,11.101110111011103,117.27172717271726,7359.502028613741,14113.091611146561,0.5214663258333265
41.23180907376582,5.861834724491324,99.14897551611956,131.56074876853273,10.301030103010305,118.25182518251825,6239.995400751971,12232.871275519708,0.5101006346105663
44.16896384705878,6.3310621084451295,100.71854942001575,439.3879166133474,10.82108210821082,120.35203520352034,23127.748704943126,41487.0484015267,0.557469128222967
45.32382786260097,6.128905484406503,98.094734734062,699.7817014917655,10.341034103410337,118.73187318731873,36488.51907679051,64340.871048666115,0.5671126063741248
42.736749938482326,5.62781872550648,100.00611432606782,488.46756135516773,9.48094809480948,122.4922492249225,25843.26514604788,45503.626702571055,0.5679385802579925
40.22677386787788,5.6899088629620405,99.23292279042337,81.86166934499138,9.74097409740974,113.9113911391139,3531.793905003656,7607.992656213177,0.4642215186839548
47.99234919866275,5.825022452140818,99.69091786827532,712.4802368024856,10.02100210021002,118.73187318731873,38135.488138580164,66045.9256837632,0.5774086401813493
44.22820773981735,6.198099074429538,101.09794306532802,172.65433074360004,11.361136113611362,115.73157315731572,8447.329590834644,16330.96451886949,0.5172584620506793
43.47775827946798,6.383538398708057,99.09881048626085,319.2070134891089,11.2011201120112,121.35213521352135,16546.58687527679,29808.730520793593,0.5550919675607934
33.9759548663164,6.045926835675689,100.7854018106112,569.8313283200154,10.26102610261026,122.6922692269227,30652.39963105269,53686.613913788795,0.5709505106854945
41.09169817619609,6.4131553159022054,98.0034790050408,620.8838203824014,10.921092109210921,119.21192119211922,32524.85993111861,57270.53226636083,0.5679161454244566
48.43257390899953,5.862393845885551,101.02835914296244,688.0651184873276,10.021002100210026,117.39173917391739,36870.8521711899,64425.84884707798,0.5722990512504853
30.753661598321806,5.675349354022099,100.43441296254198,485.35361685824734,9.74097409740974,122.57225722572258,25936.228439498947,45389.000795582535,0.5714210047563589
45.41402500733951,6.497737960582466,101.95046084985893,731.1353362070397,11.081108110811083,120.11201120112011,39668.24027318471,69727.82240069477,0.5689011775705397
30.837712701286275,5.579358516336634,99.69275478550922,698.1544008904866,9.540954095409539,119.41194119411941,36962.84897427554,64606.153625972685,0.572125825478889
42.413621769657894,5.804754270091333,100.4699134808499,554.3386438745476,9.800980098009802,122.79227922792279,29664.264203940616,51944.31821015833,0.5710781318550335
48.31993670860507,6.004383792040116,98.70166296054828,740.7591503923211,10.241024102410236,118.25182518251825,39020.339765197525,68279.415535265,0.5714802837620113
45.43960591061918,5.928304100958595,98.48638544688842,662.1646673746554,10.081008100810081,119.21192119211922,34829.52053444654,60930.41465329135,0.5716278271309141
42.39967738320683,5.869621781267148,101.4364344429479,455.3342545289445,10.201020102010201,122.21222122212222,24499.41220572632,43025.573180932566,0.5694151267363848
39.0817406093667,6.211945815715336,100.47821675026643,182.90544238902163,10.96109610961096,122.73227322732272,9241.784686374038,17297.397808508438,0.5342875725404248
47.49926908638328,6.379024701194709,98.06599225606351,176.68485738815343,10.921092109210925,113.7913791379138,8427.467067830095,16302.49417116569,0.5169434185559043
44.02324363380144,6.483849356437358,101.05767156730839,256.57498524594814,11.121112111211119,119.03190319031903,13238.007145956999,24339.083476265,0.543899163617498
40.65830981025912,6.169743923085641,100.43096037832733,250.48762689231398,10.781078107810782,121.29212921292128,12646.67424148133,23631.995259694148,0.5351505068660465
46.36636544720956,5.511256182993363,100.50945030159171,409.93077966282715,9.640964096409647,118.25182518251825,21468.788102843715,38152.39107043754,0.5627114710374955
46.18253308029165,5.850893021462707,100.91153566081891,595.4834079209218,9.900990099009903,119.87198719871986,32120.907475507367,55836.78648897369,0.575264256689457
35.523842170962006,5.988933951586898,99.58727178721773,782.1862423565376,10.321032103210324,120.93209320932094,41917.91810087815,72773.80533257141,0.5760028338399521
49.6958505201727,6.388294938932334,99.11507762717414,371.30994251048173,11.061106110611057,115.93159315931592,19302.92680122893,34466.78615247364,0.560044290634959
42.43273269081571,6.052236885383886,100.96841454834248,399.6162017860421,10.481048104810483,121.45214521452147,21049.367040869343,37720.22291603702,0.5580393066001754
46.82285464585841,5.764423074082689,99.20389594603193,706.8636477674413,9.820982098209818,120.07200720072007,37783.47320060874,65302.180517989924,0.5785943578132108
43.88892542973539,5.804606315005255,101.18090637430215,319.3511196287741,9.960996099609961,119.95199519951994,16728.215185326706,30065.845471995133,0.55638598957439
31.02529708562502,5.924732755550253,99.29300686678441,432.4527554037952,10.14101410141014,122.07220722072209,22824.01520186222,40184.24810514686,0.5679841300536587
37.066454052465126,5.7090162945550205,99.91611284838626,73.55529004719095,10.24102410241024,114.95149514951494,3099.948546330928,6892.403244974142,0.44976308497204853
30.476455275061994,6.425416080995541,100.24902108518022,529.2850558808216,10.981098109810983,122.69226922692269,28187.589225095497,49916.411399377466,0.5646958271813394
40.94520386869027,6.291004827167082,99.9082755957002,560.3153405847877,10.561056105610565,121.0921092109211,29829.073905432982,52505.075604135374,0.5681179116916385
46.45353052244836,5.841825672386605,100.85915103758803,600.9530197513435,10.12101210121012,118.7918791879188,31945.392178690927,56312.88323464785,0.5672839027896863
49.735878145888556,6.465239806997582,101.73104075593206,355.4616087642662,11.121112111211126,113.7913791379138,18440.635265594367,33674.7822060107,0.5476096371694678
39.08319234171507,6.484791882186394,98.32711821971718,107.46612323184422,11.981198119811985,118.31183118311831,4863.790680986951,10029.763652995025,0.4849357222425233
36.655292188450716,6.144960438250093,98.00539971598577,714.5277527257876,10.461046104610464,118.8918891889189,37310.20859446168,65672.86323244948,0.5681221551495627
44.119608173379596,6.187151983614099,100.40577904124271,524.5575242828365,10.521052105210519,121.992199219922,28273.598430494305,49308.96598591326,0.573396701090256
37.29599081954897,5.748614141959831,98.28209564179858,327.5889657879216,9.64096409640964,121.61216121612162,16866.372001709038,30133.177990086526,0.5597276200757146
49.32762507606988,6.113534208804136,98.96579902539295,318.4104116845829,10.581058105810577,115.67156715671567,16355.246149680988,29428.801059820842,0.5557564549243841
36.1804310798176,6.20615305085465,99.39921025648174,372.93998742938027,10.681068106810677,121.93219321932195,19411.94421775911,34841.13482376954,0.5571559111362748
47.24603866972238,5.643930786288713,100.5791492620635,573.394758154614,9.720972097209724,118.65186518651865,30658.689321555874,53433.0017641439,0.5737781578673973
30.689623995189507,5.82572534803127,101.8705415578193,635.599008755452,10.001000100010003,124.29242924292429,34708.59174635817,60312.17729779026,0.5754823205102536
36.67661542121329,5.529994191192193,98.44519954458791,664.6272480612729,9.5009500950095,118.65186518651865,35043.121730347506,60773.09415778024,0.5766223065649397
39.252292248510585,6.096359100194802,101.55889336658878,710.0188984933174,10.381038103810383,122.71227122712271,38700.41055399005,67316.64563700558,0.5749010543792679
47.54347015048794,6.017311214463693,100.23917731980742,565.0294361700327,10.061006100610058,117.71177117711771,29740.803255581945,52744.17309157783,0.5638689832892829
49.243957457160306,5.6952951082708365,100.3465740925407,144.51058182823783,9.98099809980998,110.47104710471046,6895.8808012446225,13428.074460123697,0.5135420437027498
43.115639925716096,6.4692340404749595,98.52605201651247,725.0735999626631,10.821082108210824,119.73197319731973,38423.06251609249,67216.6684405876,0.5716299752353005
36.26017842596795,5.938420473573332,100.72954835718078,719.2686060316815,10.201020102010197,121.81218121812182,38620.17077468632,67591.05395894535,0.571379916610623
39.44789800212398,6.147494737499313,100.98445306409745,201.681988390589,11.021102110211022,121.97219721972196,10219.763998688131,19122.12818577479,0.534446997708694
34.574896734499745,5.607312355715607,99.53030968328407,394.6365710178075,9.36093609360936,120.81208120812083,20507.495288620008,36576.98313764439,0.5606666687475943
49.19005646816498,6.285348437086461,98.10489849269027,535.7581642065677,10.661066106610662,117.21172117211721,27875.89412993879,49292.94542882787,0.5655148802213025
45.794384669621586,5.55503483256214,99.3637143173965,269.3145020598481,9.74097409740974,118.5918591859186,13851.245697100678,24874.899680219798,0.5568362435694569
35.56282807373466,5.561574233957829,98.00037265294961,261.2010705483018,9.840984098409841,124.37243724372439,13286.543511847849,23991.16923511572,0.5538097531486885
41.5525001455452,6.210034240693556,101.77012015540615,775.2229835137744,10.58105810581058,123.15231523152316,42250.45444510404,73775.68222239772,0.5726880887084109
33.67589150270639,5.851762323830229,100.29703614319841,565.1486530883592,10.001000100010003,120.6920692069207,29845.323178465955,52843.11126571547,0.5647911802238933
33.67273629341244,5.806257273735619,98.12353547812818,144.45964495690515,10.5010501050105,126.77267726772678,6979.193013626087,13381.372748702428,0.5215603170685794
38.200304458444826,5.864403617655058,101.44727911033628,193.64452014134392,10.541054105410542,123.43234323432344,9948.908646222111,18376.70827671449,0.5413868738847305
31.032597813571826,5.554791874367638,100.17180835041403,137.48786111388074,10.1010101010101,128.87288728872886,6765.525925797976,12938.759478161599,0.5228882983115205
37.52276079685998,5.955923172398401,98.14242845978204,557.6046339318191,10.201020102010204,118.73187318731875,29013.21384725021,51186.483949199726,0.5668139635464025
40.47989882553155,6.312630482428967,98.45505068216367,359.82274635636645,10.941094109410944,121.53215321532154,18592.004806013723,33391.206107708065,0.5567934487314588
43.88017602053934,5.9537562311288745,98.39810097849907,765.8753351990379,10.141014101410146,118.25182518251826,40599.20982919334,70328.38816828153,0.5772805390057809
45.56508806399272,5.596715648301183,100.11285327210977,677.7447862953508,9.440944094409438,120.83208320832084,36584.11827034283,62971.28722464872,0.5809650696805636
32.107704954732505,6.367860042100747,100.73687327695468,142.46981078699292,10.84108410841084,127.39273927392739,7011.153559891549,13595.961369020604,0.5156791321772197
30.840838241181267,5.8533922372397855,98.33791172977631,256.5383979610939,10.141014101410143,122.25222522252226,12948.794192724223,23684.129987241326,0.5467287250872106
35.95108574276089,6.472530812619752,99.19202219131517,173.3482318986575,12.181218121812183,125.13251325132512,8528.367953204242,16324.832296147724,0.5224168799098008
41.46589333283415,5.669700071449509,100.6606794072491,675.5920890313931,9.64096409640964,120.61206120612061,36192.46834359336,63148.224591409074,0.573135168530409
33.24525593575094,6.199301453901133,98.52260027420148,99.4782822869397,10.661066106610662,124.35243524352435,4569.357289610761,9297.396201948053,0.4914663407216483
36.89930995693286,6.13270511863682,99.80212715858806,119.43832594053256,10.621062106210623,122.63226322632264,5762.873165673446,11241.771106374743,0.5126303596775387
36.611508789025265,6.260200399197242,100.58974317271786,450.06081200743665,10.74107410741074,123.53235323532353,24164.44735822886,42497.834702494256,0.568604201305593
32.75260990735771,6.3274165941540685,101.95560392265737,498.23615150980885,10.861086108610863,123.75237523752376,26783.594830157497,47637.39425492781,0.562238872404044
47.16124440689318,5.872531785017229,99.81514480481545,733.2478381359787,10.081008100810081,118.93189318931893,38955.55235514116,68133.55686059083,0.571752806548009
37.22996080201654,5.737224817828022,100.19013059446536,344.4174385698963,9.680968096809682,124.6724672467247,18110.238740029283,32260.161051908508,0.5613809153304857
35.844425990575566,5.857249425862106,99.48480792806964,373.85704003182065,10.401040104010406,121.95219521952197,19322.821716886556,34816.18256346644,0.5549954157571115
42.521795460137255,6.496574369698639,100.77010020356666,461.6087666394025,10.84108410841084,122.63226322632262,24677.36885318525,43748.6258380353,0.5640718623836318
41.961396474892915,5.576523300157465,101.38473119747886,431.0618253996962,9.760976097609763,123.09230923092309,23198.70528882434,40600.53206392478,0.571389193922346
40.483099067150775,5.8805477187950945,100.48004108781932,177.74033712354975,10.061006100610065,121.1121112111211,8927.805303842528,16711.908639483405,0.5342181731863813
35.538661674963265,6.440531710803346,101.67576368529814,469.31680835949277,11.181118111811184,124.51245124512452,25267.245220699002,44868.52780495046,0.5631396093613573
38.99129117242235,6.116883916309152,99.50485518957629,678.671330359644,10.501050105010503,120.2920292029203,36317.477451597886,63167.371005191235,0.5749404617237155
34.532945409722345,6.173710000799214,100.1120844008739,764.0115880672789,10.421042104210422,121.61216121612163,40993.96208733086,71610.81036524836,0.5724549391110453
40.02270157333057,6.3847152979210735,100.17269735540967,504.73579902215806,11.061106110611064,122.91229122912293,26945.794835189176,47553.87078998792,0.5666372555493925
37.55217900097878,6.213779647478351,101.19061475624561,529.208660973786,10.561056105610565,123.81238123812383,28582.568633683222,50186.66218500136,0.5695251963224868
45.804385624045196,5.974816552962138,99.04298565368308,649.2153897760642,10.181018101810182,120.21202120212021,34450.915310095515,60095.899292285,0.5732656589851258
46.58470429659929,6.03386186112707,100.8105456687261,194.98822999273335,10.84108410841084,115.13151315131513,9752.693362542821,18315.30938879279,0.5324885949516382
34.77781619775233,6.455256516420655,101.08983470821923,485.77200563813386,11.281128112811281,122.97229722972298,25834.63375652866,46183.621640768615,0.5593895159950627
44.70734852248504,5.980394807707292,100.55097790183736,268.51737570356454,10.441044104410445,118.23182318231822,13716.452532250692,25198.247376201623,0.5443415300861415
37.49271026854676,6.38703440107825,99.17355192573363,365.721069600866,11.021102110211022,122.17221722172219,19188.018970243913,34172.34514169685,0.561507233134867
47.52795273790832,6.356167920426792,101.03273675696964,246.72812596509718,10.761076107610762,115.89158915891589,12720.330749859764,23279.43946085884,0.5464191168025004
31.96807253510658,6.077609038633705,99.39071533210219,111.33108972116608,11.34113411341134,126.11261126112612,5261.495157786575,10474.224933516882,0.5023278754449993
48.03539405329276,5.580116317376895,99.64542106935514,721.6631494594086,9.380938093809377,118.13181318131812,38242.543548316135,66646.19758982434,0.5738143349704781
43.34201048700658,5.905294289614908,99.04048642874977,650.4508335897717,10.021002100210023,120.11201120112013,34185.39830792143,60181.30990830167,0.5680401167739579
39.36887474719634,5.898674956115622,101.7133803988355,269.2230168241344,10.181018101810182,124.97249724972498,14440.733576765886,25585.360959044516,0.5644139084018291
36.65669876302399,5.72766519804385,99.72669923294865,116.5217967719084,10.22102210221022,121.75217521752175,5516.3632402592575,10905.900239069306,0.5058145700340659
48.76126223806061,5.914957990502083,101.54845547790534,682.6390509020297,10.101010101010097,116.49164916491648,36446.90544143815,64186.54145000988,0.5678278439386539
48.47777991505839,5.555414696323598,100.1273841549858,186.63459397077477,9.680968096809686,112.97129712971297,9170.781037089502,17292.7863316939,0.5303240820295954
41.67764386346046,5.9731523639274275,101.6749612987732,364.22214427806625,10.6010601060106,122.33223322332235,19342.018593915505,34569.914257069155,0.5595043843639352
44.4668354434403,6.106437032071929,99.66994941932136,472.1336454504491,10.481048104810483,121.15211521152116,24960.729612408173,44074.06883559263,0.5663359492747987
46.59206662562734,6.249862603378983,99.47138031761978,421.0187495605451,10.741074107410746,118.47184718471847,21905.877957826742,39239.91494776818,0.558254980597828
37.569042885256565,6.047873716957673,99.22739084851511,780.8696773593233,10.201020102010204,119.8919891989199,41768.51329315046,72396.961738812,0.5769373781711944
36.95692101916583,5.897361536137233,98.95513047985783,636.4748362202562,10.081008100810081,119.75197519751976,33553.15912712773,58807.56112821243,0.5705585894639471
32.271858477487946,6.486231121453716,99.90015201733678,156.2563537089869,11.561156115611563,128.89288928892887,7814.915722645511,14834.66191533978,0.5268010668018324
43.211971168085356,5.60304926516354,101.39293662900648,449.15503580074625,9.52095209520952,121.29212921292128,23884.21793052718,42262.599595026164,0.5651384003680191
36.10848695454463,5.552647832285142,98.91133525881983,567.8016741277321,9.640964096409643,120.05200520052007,29781.58563943794,52246.47650327057,0.5700209398345484
35.289857879338186,5.83139819055795,100.49131137235844,493.32856592473655,9.800980098009799,122.73227322732274,26205.30426299682,46269.75541152686,0.5663592562771247
43.13622534979915,5.786632640197279,99.18310530748481,385.8064505255305,9.900990099009906,121.25212521252126,19907.296212347057,35772.7984395444,0.5564925608487172
43.5464785721261,6.388316135452788,99.15524033258814,765.5553023242458,10.881088108810886,120.15201520152017,41161.20142846687,71253.15116155407,0.5776755239237215
30.752459951079313,6.472094126972337,101.6417988287659,66.192979338372,12.341234123412342,121.83218321832183,2927.0077912902543,6382.4912241716365,0.4585995794565533
39.7015602804405,5.541230008928556,100.30923450727157,256.1438892379825,9.500950095009497,124.63246324632463,13463.092476614103,23962.711234974737,0.5618351089155583
49.54581128583894,5.589383525112229,100.12376149888512,267.32339194546296,9.580958095809585,113.35133513351334,13441.220204718415,24747.7362436167,0.5431292814988431
38.30250548745006,5.524858619080548,100.89578399974478,137.34965757392038,9.320932093209318,120.13201320132013,6591.816702979376,12921.993743845082,0.5101238116694761
35.38375892203794,5.712368112646889,101.55318152261181,179.30346232440908,9.9009900990099,124.65246524652467,9011.149523562997,17032.570062628874,0.5290540118390202
41.71222164430324,5.881318419148814,99.21408761856674,194.43123131869837,9.820982098209825,120.79207920792079,9726.749377940669,18077.187942671924,0.5380676136568945
30.950441282232454,6.463001681558633,100.90221258099164,550.7821479172203,10.881088108810882,122.7122712271227,29397.866312915263,52246.382940334,0.562677541648921
43.39889054505804,5.816233641527723,98.15878340793006,605.3760693559938,9.780978097809783,119.97199719971998,31705.464496694804,55521.82279752691,0.5710450936078966
46.55013985175603,6.4174298776967476,99.42021400297247,90.30674560229805,11.54115411541154,108.8108810881088,3949.7164393994076,8438.04931302078,0.46808406693056276
30.553979892351563,6.20048955743011,101.15734509644834,639.6142510088077,10.681068106810681,122.8922892289229,34511.197193879794,60580.06854364483,0.5696790714097038
46.20156565904665,5.522185301977555,99.54058796045308,174.745889065533,9.700970097009701,114.67146714671466,8469.183513749807,16153.007130031394,0.524310021383204
34.34484688645908,5.578569705943869,100.37369888477093,379.13263065335576,9.760976097609763,124.27242724272428,20228.070686766176,35463.3054381051,0.5703943960348163
42.261071237668446,6.073616250186182,100.7851850430051,331.66985992846924,10.481048104810483,121.75217521752175,17380.933046649316,31286.670416296558,0.5555379596288379
43.92466124893858,6.310339816132662,98.13906252604963,781.6691458090771,10.801080108010797,118.53185318531854,41106.64159518141,72022.61464087997,0.5707463107268161
40.99866990217452,6.441794348413136,98.1924330286215,250.2784069597653,11.101110111011103,121.77217721772176,12601.179710431863,23250.096935781876,0.5419839644211831
49.048577220521445,6.384580200000213,99.96411107081022,679.5526418954545,10.861086108610863,117.55175517551754,36352.74751550636,63512.83592088184,0.5723685139928424
47.444439149580745,6.070828453898305,100.86661931772086,754.044629698376,10.441044104410445,118.95189518951895,40786.230627643155,70791.88505814235,0.5761427400067799
32.807303167282626,6.457720479380718,100.17888638047398,463.19161407314937,11.121112111211122,123.15231523152316,24748.801600882514,43693.29135374431,0.5664210874047981
48.72003607547907,5.606975162516518,101.66595692697341,702.5844033636681,9.620962096209624,116.85168516851685,37769.60875893411,65860.95888996474,0.573474929541135
42.309175698506095,5.92009065318383,98.7573046850459,615.7581388339781,10.1010101010101,120.23202320232024,32230.43357231536,56869.80961993077,0.5667406623605046
44.392761454721295,5.7919196997808085,101.09317026240461,102.78109654275332,10.6010601060106,112.39123912391238,4751.296334532474,9669.063409402617,0.49139157882780116
41.00493643005244,5.74612603533073,99.20476082348323,392.0470122841931,9.700970097009701,122.31223122312232,20472.790663432505,36347.92383996621,0.5632451183063647
40.76319348122961,6.164808839436665,101.89803139373636,707.508166232375,10.541054105410542,123.51235123512352,38697.59188579902,67380.82856917485,0.5743116062467398
31.146646702081643,5.53919985315472,99.41162626330782,633.5413967684299,9.36093609360936,120.87208720872087,33557.322017176535,58540.54110486162,0.5732321803631175
34.64613111207259,6.4343680727573025,101.34242484533908,663.799698232539,10.921092109210921,122.11221122112211,35935.43380351592,63078.85123361687,0.5696906823877715
45.13797915373175,5.70207651904185,98.2715130921228,612.8578085389577,9.74097409740974,119.75197519751976,32054.795433172345,56172.659319739854,0.5706476392850399
43.80238836012174,6.474628389562533,100.26812115803625,94.87189380966511,12.361236123612365,112.51125112511251,4301.114127096493,8955.91740493136,0.48025388495970134
32.77461716985688,6.448616270849241,101.04106256867152,108.12172488643367,12.18121812181218,123.95239523952395,5100.887744912832,10354.233866465107,0.49263787265163
45.666301762067576,5.794705569546735,99.87757944244424,150.8260831483334,10.12101210121012,114.39143914391438,7246.836503532517,14036.263759770016,0.5162938391271195
32.83022802261753,5.500859357483072,101.3364178182662,653.0218081493542,9.340934093409341,122.63226322632264,35309.353241565346,61356.5570379916,0.5754780735122085
47.86716749650037,6.26797758100162,99.19657238640833,324.6559356332633,10.621062106210623,117.21172117211721,16796.037751097836,30160.10505702472,0.556895863570137
34.09198553109141,6.173718038571121,98.11961450230329,168.95586005614183,11.021102110211022,124.91249124912491,8183.6579999799615,15703.181589676124,0.5211464920815928
47.31255088227732,6.14567811643456,99.56036119516318,461.8717957853172,10.541054105410538,118.93189318931893,24512.607083182305,42983.33275775642,0.5702816768846051
44.64064935312713,6.222765149034046,99.89422112931489,564.2367462142669,10.5010501050105,120.89208920892091,30209.696598186267,52791.99668783216,0.5722400836024676
44.52527351762962,5.841037846046049,100.71114066468732,720.7915243538139,10.00100010001,121.05210521052105,38587.555501943934,67592.6571120292,0.5708838378403777
48.09235368642875,5.861424069946324,100.32705383618975,248.04762857900909,10.221022102210227,115.45154515451544,12683.152628862805,23122.12090446807,0.5485289468585012
38.75483415774019,6.447110794469749,100.71548310054132,325.9344564854413,11.06110611061106,125.19251925192519,17138.70641287575,30970.91734557151,0.5533806513266353
45.27667564285075,6.403184992947109,98.57729914135544,622.0025709326073,10.841084108410843,119.97199719972,32597.86275797884,57696.08641674091,0.564992615314032
35.050117790756836,5.604406437302502,99.01882599066049,213.27981201266792,9.86098609860986,125.85258525852585,10874.755909141519,19801.067503828675,0.5492004866423897
42.25236171014291,6.186712397481021,100.80442185490092,467.425522395823,10.641064106410646,122.01220122012202,24821.225538920415,44137.97618137289,0.5623553159058404
33.724508397473244,5.651903945704787,99.2166005613939,407.35154718151483,9.700970097009701,121.75217521752175,21328.63560143626,37698.4988942083,0.5657688297162682
31.429034542267352,5.760244432460634,99.3217771203977,724.7100656910764,9.72097209720972,121.29212921292131,38729.94239694147,67099.53859850536,0.5772013221832226
38.17527800867376,5.6716649630741145,101.53072605091288,520.9672180565859,9.780978097809783,122.99229922992299,27941.77341347438,49191.1305840218,0.5680246231736417
40.24664441308103,6.0500313366976535,98.72136257282565,687.6726764637073,10.321032103210321,120.31203120312031,36389.02189158367,63564.90519730781,0.572470324287133
37.236433793694246,6.090189273649525,100.70085844637764,243.7433274695076,10.541054105410542,124.71247124712472,12560.106899759341,23069.28073301693,0.5444516040668411
43.68332488055265,6.307211540589548,100.47748571807358,520.2101058916728,10.701070107010704,121.19211921192121,27638.1047383036,49006.7662626344,0.5639650776014676
30.387642244261432,6.0186805152546174,99.5219043990595,264.41321548084,10.26102610261026,124.51245124512452,13692.685759483042,24733.981090092817,0.5535981332567461
37.6433957316804,5.837678733676774,101.73583902028328,708.4747912352382,9.880988098809883,122.13221322132215,38410.942572868764,67026.92228396451,0.573067377465699
38.45861072409708,5.877808561216953,98.91690231594211,51.98477069827116,12.16121612161216,109.85098509850985,2000.507362652645,4841.705326427266,0.41318238673745056
33.01662985196811,6.252872728115131,98.20178819787891,580.9261184711908,10.58105810581058,119.37193719371939,30336.861682912237,53586.42125900487,0.566129645722783
41.711216920099616,6.108193520216044,98.86475749953516,183.10937957534392,10.861086108610863,121.15211521152116,9175.014219912184,17037.665789946397,0.5385135694659644
37.3743254559083,5.879457762062254,100.27818935263113,327.2247171815955,10.1010101010101,124.15241524152417,17062.36742122662,30736.502382092676,0.5551174043526594
48.809084823836024,5.88645958670123,99.17762663279123,189.1529847189863,10.521052105210522,112.69126912691269,9175.981310670457,17473.30953237306,0.525142720883527
40.13624714344759,5.77719654218674,98.38833408876943,600.4492473304235,9.800980098009799,119.63196319631965,31621.30360066225,55117.575182388646,0.5737063630978816
35.40144523085711,5.851831515557173,101.89014840409479,787.9344868645301,9.860986098609864,122.9122912291229,42934.621767349185,74694.05685893427,0.5748063978963502
31.796196940232853,5.622519399588159,101.83764180908851,400.6654862018774,9.6009600960096,125.8125812581258,21756.518735553072,37976.87961938949,0.5728885299055759
46.10895362732985,5.76336940767926,99.70801260409563,70.85463545747449,10.281028102810282,105.55055505550554,2904.374561823768,6582.460916366247,0.44122929079647105
45.45273882071733,5.623574418695563,99.88676826866694,529.0680477768983,9.620962096209624,119.93199319931995,27902.439010226026,49112.31377466384,0.56813529776356
36.37400825084951,5.50293166494187,98.00401056260468,191.0384691972658,9.660966096609663,125.25252525252526,9436.27283056024,17569.24818187265,0.5370903030612467
34.96987302390538,6.201746435138573,100.2743881125351,391.36625320378556,10.721072107210723,122.37223722372237,20373.72075196032,36854.70840529671,0.5528118830274679
31.601275950044705,5.646506386113922,101.55989120842652,212.14296799503865,10.001000100010003,128.47284728472846,10907.072210380944,20180.70624003904,0.5404702927958503
36.629968337920964,5.676632573192414,99.68231081842083,635.8969478050012,9.720972097209717,121.7121712171217,34086.103738199745,59019.968423518076,0.5775351063152591
48.689205465147836,6.367248517888596,99.84132332386837,404.69703532831556,10.981098109810986,116.67166716671667,21183.61721754103,37801.761524269474,0.5603870392108773
32.85001218187653,5.901536443329379,98.48331364892643,387.33619952405024,9.980998099809984,122.41224122412243,20151.57932724192,35769.09621578329,0.5633796058383476
38.595907775776865,5.9246826231364365,98.59904908089105,100.4038087515073,10.441044104410445,118.33183318331834,4529.50283466932,9321.308954248369,0.48592991144284625
38.58972913818962,6.104834409473094,99.22427070601799,531.9615026131194,10.341034103410344,120.31203120312031,27869.136245319693,49447.77622096826,0.5636074738888222
45.622337956983,6.255070760705337,100.35592413495273,584.9398460214395,10.6010601060106,120.2920292029203,31296.036160302487,54931.1758432322,0.5697317721655565
48.896391761795456,6.010480146554318,100.30019785117632,233.09277796711402,10.621062106210623,113.39133913391339,11639.727728457368,21749.97507592266,0.5351605088201968
34.21098854713194,5.568789529244109,100.23066948774407,798.0058903483501,9.400940094009403,122.05220522052205,43209.432113814226,74274.95060396254,0.5817497253442673
31.101805632589997,5.533751100059693,101.06558933830998,401.5083885064004,9.440944094409438,123.63236323632363,21479.713698287807,37722.30142024155,0.5694168406904762
30.762509988533,5.852803859958575,98.36223387539391,656.710736412574,9.980998099809984,119.49194919491948,34567.796526259204,60317.92179032533,0.5730932946665893
34.7283395087952,6.2481243952150916,100.64468094073163,572.2014281699188,10.7010701070107,121.2921292129213,30593.4417707551,53930.98631572429,0.5672702069948085
46.00327204108214,6.164474422056837,99.03470301489729,183.97993677411515,10.801080108010801,115.39153915391539,8938.686708354808,17085.308624394984,0.5231797039704538
49.36573541433901,6.092252043403342,99.29836451301644,381.52368747832975,10.581058105810584,115.19151915191519,19533.244192590933,35339.269626626774,0.5527348017932263
43.44312907002871,6.308117006906331,101.28523488982029,141.1390359898445,11.08110811081108,116.1116111611161,6884.805508096997,13394.58694722521,0.5139990904701423
34.08131944211047,5.65887441312925,101.61697809354828,463.38108226962675,9.700970097009701,123.93239323932393,24810.2330332046,43821.65084183588,0.5661638152964935
46.29663874524751,6.012512808390239,98.26882309088447,718.40920869466,10.301030103010305,118.59185918591861,37625.48716928516,66030.15305923478,0.5698228070974155
39.176352185358844,5.683421642935819,99.8962187775983,635.732115391875,9.700970097009705,121.51215121512152,34021.15699077266,59110.821903054224,0.5755487048813105
40.729242609401545,6.442572624776846,101.93351934905526,275.43237142822073,11.401140114011401,122.11221122112214,14416.451063032999,26375.054179270508,0.5465941781595891
40.464573571307035,5.9977880706838755,101.58421105078949,96.6650717315733,11.121112111211122,114.19141914191418,4364.429561065474,9186.866909630626,0.4750726884363838
33.72973037214405,6.295124614560324,101.36515555609309,369.65691214360135,10.841084108410843,125.53255325532554,19789.59914873577,35226.21032546776,0.5617862087886399
40.69197249920195,6.299602077770854,98.95601993936172,343.4943507246849,11.021102110211022,123.5123512351235,17822.608936502722,32066.687156838732,0.5557982603357817
44.292211874887414,5.844642844817878,99.00872293403776,516.4301262744946,9.940994099409938,119.37193719371936,27166.201042576435,47690.32316046972,0.5696375961044937
40.73591584688532,5.60050465650601,101.75149332144109,344.58449181058074,9.660966096609663,123.17231723172317,18304.097933471694,32591.918803902186,0.5616146150707816
46.95748154595271,6.214347841955492,100.28980229578974,481.3948403551469,10.5010501050105,117.97179717971797,25243.958600550803,45101.343994650895,0.5597163269357291
41.64215630065461,6.30565070705957,99.97463510776662,633.5531994137758,10.681068106810681,121.43214321432144,33866.38593310923,59419.13071910636,0.5699576133687768
41.63887303017893,5.782135193580584,98.92119719261412,644.4050898213037,9.820982098209821,119.93199319931993,34070.382581300866,59433.67629743787,0.573250465120052
48.50243811856657,6.152206603345197,98.10444921745453,515.0943254319025,10.421042104210422,117.63176317631763,26735.69492070942,47336.46876440223,0.5648012118051164
35.97706907441829,5.5131498428850545,98.24864262071131,485.1825466402276,9.48094809480948,120.05200520052007,25187.23278187427,44386.50633003912,0.5674524729338407
34.65360303929683,6.414631091245308,101.11563950559123,351.48742895090555,11.301130113011304,125.83258325832584,18724.279726708846,33498.036729864376,0.5589664814599615
32.32160694221503,5.713088579245194,101.7385561970617,51.354455909557686,10.94109410941094,114.49144914491448,2037.085019760918,4901.500702042792,0.4156043513187552
47.1407724138886,6.245770198262692,101.84341198861544,767.4778031091655,10.641064106410639,118.4918491849185,41521.17437971563,72764.40231150748,0.5706248256113164
36.896740211989794,6.337671802417311,101.04638431162483,466.76016343527203,10.881088108810879,123.31233123312332,25001.715402787682,44281.44109646068,0.5646093438631566
48.32365567677568,5.638927709584354,99.42788284802441,545.4424698231614,9.6009600960096,117.61176117611761,28695.02372711754,50316.637174623094,0.5702889807109309
48.532352240008,6.482856980086736,100.59738865313803,360.11354214308415,11.141114111411142,115.49154915491549,18614.476363736318,33882.35604577055,0.5493855367847099
33.44864496830169,5.748334593940361,98.22467819932474,602.7491365908978,9.820982098209818,118.79187918791881,31557.188161584778,55197.465746476424,0.5717144389658733
30.896829267181356,6.20873986547978,98.95566707212177,154.0657787631684,10.621062106210623,128.4928492849285,7377.062651197019,14469.397266516773,0.509838973615582
46.40128518361058,6.38882046367972,98.916838655439,544.1073968920635,10.921092109210917,119.89198919891989,28747.33110179123,50584.976606479904,0.5682978036231555
48.84489452170065,5.577912227555652,100.31791472048415,170.9697165257647,9.64096409640964,111.89118911891188,8311.513165335859,15864.08533319253,0.5239200994428355
47.58298027554679,6.0582306541229665,99.73160626704434,662.634029223366,10.381038103810376,118.09180918091809,34892.456560713625,61661.32371851524,0.5658726484692115
47.544831159835695,6.044408424870645,101.54926872096516,451.9433348428989,10.401040104010406,117.13171317131713,23957.54819743139,42627.636612898765,0.5620191523867415
41.71396738303636,5.836741839551624,101.29578265954164,257.8461345398724,10.221022102210224,120.95209520952095,13311.765283996483,24359.153218141215,0.546478983271171
39.657262622820426,5.572314876035493,100.1137143568081,585.8650056090876,9.5009500950095,121.17211721172117,31442.606199427977,54465.821539151366,0.5772905890499836
45.06323169709372,6.152396459008204,100.94827770947226,690.2646647621764,10.461046104610464,120.63206320632065,37126.20696732485,65066.20079867676,0.5705912825953698
39.043607014875654,6.4597631869358505,100.92077437146001,401.3368860564043,11.061106110611064,123.57235723572359,21357.15066468034,38117.07856691311,0.5603039757411802
48.73382590146586,5.711118968416988,100.80461821974544,364.1009429946576,9.720972097209717,115.69156915691569,18992.47079448639,33958.92924918468,0.5592776690667414
43.2103548751984,5.7745420378011065,98.17329860338846,307.3738309736384,9.700970097009705,121.2121212121212,15628.161726947996,28263.333943045673,0.5529482742000923
42.4630088797382,6.247514744414484,100.02830002322754,124.0285598387905,11.001100110010999,117.23172317231723,5968.631234430061,11658.564060127539,0.511952518650463
49.300479969014376,6.321122233226384,99.7336262819296,58.900791244790206,12.061206120612063,102.49024902490248,2403.214191151143,5497.169980692055,0.43717298166002777
44.64212215116879,6.371484228156904,101.22094245058861,330.3886526522721,11.1011101110111,119.61196119611961,17412.4969755434,31322.78613424508,0.5559051133228019
45.304298340847474,5.783656110687137,101.53994629967876,415.62094040249843,9.800980098009802,118.97189718971897,21976.81082560023,39158.16605319434,0.5612318716802486
30.97662828691349,6.271285333737023,99.12615217851497,102.95467609373355,10.821082108210824,125.8925892589259,4725.158350923714,9692.461423695819,0.4875086053344302
34.48957449779065,5.908184311412343,101.6115766342136,214.62670043357213,10.46104610461046,126.01260126012603,11068.693074026856,20449.564751027727,0.5412679051504302
37.61019061316828,6.316920692278325,101.3190871932716,616.2011350791647,10.72107210721072,122.41224122412241,33150.689778711574,58500.99278216197,0.5666688410255463
44.69020642981666,6.466674699256703,100.60848547536807,536.3719477080382,10.86108610861086,120.73207320732074,28602.909155783505,50651.26776412984,0.5647027294357178
36.11946387874473,5.743819230769572,101.75507375557565,610.0841336781232,9.840984098409841,123.63236323632364,33146.73210400349,57748.82113124065,0.5739811039375823
33.61551383928562,5.517858367061242,100.59245618717848,505.7225129729747,9.36093609360936,122.7922792279228,27034.259079241765,47269.138274855715,0.571921978396258
41.127218554935695,6.156838113806582,99.54631355787528,739.3310317154642,10.341034103410344,120.55205520552055,39422.11899544962,68893.43802058195,0.5722187791480554
40.44789633752741,6.008588510888222,101.32849540240856,58.2603819806954,12.081208120812082,106.57065706570657,2268.9016438375475,5531.184333516976,0.4102017772376206
31.532950586961913,6.027273902365875,101.640630783192,223.9221848158123,10.58105810581058,129.6929692969297,11527.932285157192,21434.35043424863,0.5378251288985841
44.49249065943795,5.5936843063690205,100.04837016923923,357.1826861147602,9.36093609360936,119.81198119811982,18618.314051616235,33208.59889629311,0.5606473826179549
49.19990213017202,6.1292543134147355,99.11715938898072,493.9432028898227,10.46104610461046,116.83168316831683,25880.479894947784,45711.35708135684,0.566171768842606
42.956627953149614,5.9222676047880585,98.65214041795056,691.4544939441778,10.041004100410042,119.33193319331933,36533.48266126309,63701.34392233608,0.573511960843468
33.525179649916566,5.887033780127781,100.20475272053523,415.8398612450291,10.041004100410039,123.2923292329233,22023.2092855896,38968.60402799349,0.5651526359468512
36.913032861378554,6.141390256603283,100.34367349269391,633.319735562696,10.561056105610561,122.17221722172216,33820.84359683645,59519.77159717317,0.568228719453667
37.62421122312836,5.918709125906812,100.07401299742232,125.60736799181875,10.281028102810282,121.53215321532153,6038.474321177021,11809.417927881792,0.5113270068053318
35.636294225321286,5.533247864028171,98.34157444798399,311.47787479746495,9.580958095809585,123.39233923392341,16113.038027547906,28630.82858740125,0.5627862979361453
44.490622801976095,5.785592563094677,101.90948779388829,521.1466754103687,9.920992099209922,120.39203920392039,28009.75337656662,49287.37771958499,0.5682946562084307
32.13638658022039,5.819260084374521,100.08662561015254,324.8687043914745,9.940994099409941,123.83238323832383,16997.096729848046,30420.62578641912,0.5587359329549417
40.216094544886694,5.62006007109417,100.63976111875326,523.8723513477528,9.420942094209423,122.17221722172218,27784.048192917613,49038.29966978075,0.5665785392236834
35.75858361699254,6.1461178613645515,100.31036470562368,352.0346968278482,10.601060106010603,124.23242324232424,18701.12348060401,33156.41724898398,0.5640272692966268
38.27042532926295,5.834298322439299,99.28012608546177,788.6997804772903,9.840984098409844,120.67206720672067,42070.82075849337,73029.19021538185,0.5760822574427528
40.508891433836226,5.8420296704653945,99.82525314650746,719.1767971653799,9.880988098809883,121.21212121212123,38542.783265255224,66932.1685067741,0.5758484167647185
34.36982506521964,5.6963911696239835,101.33613547932687,788.2380238573492,9.780978097809783,122.29222922292229,42620.939726051045,74220.86096529177,0.5742447496800404
45.54684304789028,6.223825944486048,99.67758846298224,385.65300447721137,10.541054105410542,119.23192319231923,20060.614173975373,36021.24389177545,0.5569106451250484
49.217323783176425,5.517583722719656,98.05648181412978,210.42569445331608,9.800980098009802,113.45134513451345,10251.871315128956,19166.843146520085,0.5348753175866771
39.05112971812921,6.330037509623556,98.60295802756859,444.622346232419,11.021102110211022,121.41214121412142,23255.539912933607,41292.29706342189,0.5631931756476234
46.91307025205861,5.687689515762336,98.37633110941199,426.2942457013626,9.820982098209825,119.45194519451945,22438.071436900114,39080.10752582371,0.5741558265179614
30.241791706464628,6.048212277829058,99.22561151921543,184.52053204317141,10.7010701070107,130.0930093009301,9239.891404052762,17325.41531921686,0.5333142804261746
37.67212758691628,6.0334041584652915,98.3359012112213,266.60804770933197,10.401040104010399,123.5123512351235,13534.723379105173,24693.20543347383,0.5481152868374737
32.05557132957367,5.898559850627937,98.60531498422088,639.6002076130435,10.141014101410143,120.05200520052007,33814.36536364463,58935.587473504136,0.5737512225333575
44.41322327953091,5.628538899550103,100.42329759189435,758.0787827111942,9.480948094809477,121.21212121212122,40787.54700018049,70696.10445229213,0.5769419307637406
35.830180789088175,5.806723275627225,100.73254591749154,742.1576805201479,9.840984098409841,121.63216321632163,39975.15075305762,69587.25295098542,0.5744608251918577
49.61552693535846,5.878554621387364,100.01438373668437,572.8485752692891,10.041004100410042,115.85158515851585,30052.151498009855,53178.62965026334,0.5651170723211939
46.669231322538096,5.832394231006016,99.11390356435425,671.5948899310192,9.880988098809887,119.73197319731973,35601.903964305006,62059.206371880886,0.5736764300685011
39.465749056777746,5.544300062815341,98.29698371486201,247.28235374211542,9.680968096809682,123.85238523852385,12543.449570538665,22759.55488082415,0.5511289494113538
43.13330110006202,6.149808427645776,101.11123785073931,266.4652932998108,10.421042104210418,120.67206720672067,13955.167919878035,25200.855905439406,0.553757696652911
34.064244321787164,5.52957147891529,101.12270586951648,451.8685190557781,9.560956095609559,123.71237123712372,24152.39628576464,42477.48153151957,0.5685929441895663
32.83130716951048,5.977112695785411,101.08369318348002,731.1566546649474,10.261026102610263,122.35223522352237,39598.36813886564,68951.4189017612,0.5742937385419664
35.844203552917826,6.23295631920387,99.77018657171548,715.2999629392756,10.681068106810685,120.55205520552055,38033.18489562282,66874.80361533821,0.5687221919093552
37.36370974659484,5.800126369344308,98.69155982148712,150.3748924989756,9.920992099209919,122.992299229923,7269.4388159801865,13957.028189199727,0.5208443171022215
49.99370211420213,6.188715854759327,99.1126384373381,661.4438311312986,10.6010601060106,116.6116611661166,34940.37622147993,61207.169699768354,0.5708543033907376
43.47613964699359,6.440531333365634,100.50230677266204,434.5529222372816,11.041104110411045,120.992099209921,22821.69234301914,41047.942464461936,0.5559765233733084
39.37204718057307,5.849745582846754,98.06782198523955,311.2424120326081,9.820982098209821,122.75227522752277,15993.493297243767,28644.427668152486,0.5583457097669886
33.98221987361714,6.143911853054584,101.85521782388362,60.00386930787558,11.681168116811683,115.73157315731572,2512.5915950276312,5757.440043886229,0.4364077742669206
40.22585662707311,6.2043087158158166,101.3552165986638,114.35779449189982,10.781078107810782,116.75167516751675,5367.332540683279,10877.223834090526,0.493446914631049
34.16511878229918,6.2612935132056515,101.92704217017115,374.74336434270475,10.981098109810983,125.27252725272528,20003.40266993761,35868.00118205634,0.5576949372898065
30.727341497053647,5.613198394373348,99.71406964869026,538.0883081643242,9.700970097009701,120.99209920992101,28543.56811924275,49910.83712677186,0.5718911916212313
31.337502357727015,6.40270261781716,101.96481817677338,106.24046782460263,11.121112111211122,125.09250925092509,5052.873575607096,10248.69377690434,0.4930261051407214
33.01961113335668,5.8504118691512925,100.98357668304944,94.85526448266319,11.46114611461146,123.63236323632363,4452.026672567925,9011.969007256937,0.4940126479555029
38.53688650835479,5.55700203618092,99.51055595662588,599.3646344830871,9.400940094009403,120.41204120412041,31557.619212799596,55437.477227689,0.5692470291025025
46.4139027629272,6.190870610583354,98.57867532359887,786.4517912676883,10.541054105410545,119.05190519051907,41540.84690170471,72643.70438972248,0.5718437303092964
44.467976191263276,6.299269906408805,98.93365371455707,188.52527176449715,11.581158115811583,118.11181118111811,9364.217804573942,17555.432660095565,0.5334085457124226
38.5503776528404,6.14799952623379,100.36521122578331,164.74982844573614,10.921092109210925,122.6922692269227,8241.777998056588,15562.248660741589,0.5296007137354045
43.16959143582686,5.645467506514543,100.9773940298052,631.7417876776261,9.62096209620962,122.05220522052205,34047.66882485728,59260.40966057857,0.5745432577984118
37.74280885097356,6.014103514902485,98.8583845140778,536.71777592418,10.301030103010302,120.992099209921,28491.78944102157,49677.10404777065,0.5735396615234094
42.59138506575626,6.424198232465379,98.50759318142607,662.1569995930696,11.161116111611165,119.41194119411941,34825.426039771824,61364.39296713913,0.5675184639799333
37.18568013302724,5.541836443687409,99.45463762697855,614.1892028174652,9.48094809480948,120.61206120612061,32447.297637062726,56776.768694343045,0.5714889801450714
49.810188412322475,5.86196970722314,99.40358339815279,678.2363149787419,9.960996099609957,116.2916291629163,35669.72291737218,62636.0749026829,0.5694757050596146
35.706888789899786,6.2676890117891855,99.99388441763178,743.2632990491883,10.561056105610561,121.13211321132114,39795.48559369032,69650.91223611406,0.5713562725321539
41.9337761671542,6.435967079503641,101.43332958689743,333.48287105930257,10.86108610861086,121.97219721972196,17604.79978952702,31762.895073989133,0.5542567750363449
31.473789666641284,5.559456262745813,99.31566416664216,220.7988034296188,9.62096209620962,123.91239123912392,11215.902348541673,20505.85857534565,0.5469608749777801
37.191109352180966,6.343746126062653,100.53689289139287,399.22318749578943,11.041104110411041,123.63236323632363,21140.956547788606,37760.573009330255,0.5598685311942934
31.947597513744718,5.557972721867985,98.452422162742,297.41673353685906,9.64096409640964,123.0923092309231,15175.670515778553,27386.68704044874,0.5541258237392811
43.02061545827189,5.655101074356066,100.27218236351187,446.09462559225506,9.680968096809679,121.15211521152115,23662.588529118333,41604.00442685067,0.5687574755147082
47.63437767985978,6.45216661059955,99.05563643438579,398.9977334085835,10.94109410941094,117.09170917091708,20488.059058201674,37124.57349119051,0.5518732508284141
47.43909940153095,6.43906632104901,99.70430585698449,561.9073670649983,10.821082108210824,118.6918691869187,29813.78270425435,52538.573778863334,0.5674646371205581
30.322994626132697,6.243767658805939,101.03086539343693,330.71543456750345,10.46104610461046,125.77257725772579,17641.421297635825,31411.479739358085,0.5616233760401744
40.92202011682639,5.830493726315844,98.3331218638741,459.97321517752283,9.940994099409941,119.81198119811982,23912.756824596432,42277.13461932771,0.5656191470853446
30.491156405372163,6.017092494217464,99.51705905478374,681.9767473196597,10.181018101810182,120.43204320432044,36410.895295278824,63409.2941406299,0.5742201642321755
37.59792023000476,6.313838898750737,100.05024093343329,470.3797907349447,11.001100110010999,122.972297229723,24943.17547356858,44252.4302914687,0.5636566242640306
30.22595756549105,6.406205750655401,99.53856846063684,84.82163013867742,11.381138113811382,125.5925592559256,3849.728881227941,8032.1747137744405,0.4792884889102338
41.40289129234541,5.813750091490544,99.92903005245145,548.640042427985,9.860986098609864,121.33213321332133,29147.10147865721,51125.339642514205,0.5701106668916759
43.42459286496396,6.003398509559299,98.70818300324721,457.1475112283809,10.241024102410243,120.65206520652066,23956.738630926953,42265.96011511989,0.5668092849582959
45.743230368979845,6.296676352484349,100.58526530445323,565.4988388359388,10.641064106410639,120.17201720172017,30330.378489543727,53223.005277223696,0.569873466023974
45.465731302158396,6.499730796149588,98.84869069356537,456.5208770416544,11.361136113611359,120.03200320032005,23842.379411519185,42526.36317899471,0.5606493861505606
38.184916933988625,6.127293967419462,100.97937528903051,326.87338888328094,10.641064106410646,126.37263726372638,17455.795481579455,31008.867164017498,0.5629291579485707
40.35864140020284,6.4924146091993835,99.89048916811653,126.7986885586984,11.381138113811382,118.0918091809181,5979.849110374733,11968.17102548437,0.49964602758780513
47.79629447213817,5.668886757283218,100.30612974764661,90.95249188715702,10.441044104410437,107.29072907290728,3999.7608540720867,8464.099641739045,0.47255597445333125
36.82917846093868,5.958018224721061,101.05950160751277,376.0587355754693,10.26102610261026,125.19251925192519,20046.20307468,35587.5513896056,0.5632925641671174
44.63463620837775,5.639435071365189,99.9962796881996,385.6907187334996,9.660966096609663,119.91199119911991,20100.577032911657,35874.402270076,0.5603041656718611
44.77198217472649,5.58862408716202,98.81488775113314,275.52657285452494,10.001000100010003,118.7918791879188,13939.357209587575,25374.481988523596,0.5493454887430642
35.15844564106973,5.516374535953521,99.14545580492545,558.0012860633219,9.52095209520952,120.21202120212021,29183.919251233227,51442.17900936853,0.5673149896297807
32.088189261166754,5.628226578812073,99.02248491253485,737.6220345162975,9.560956095609562,120.77207720772077,39302.10582704144,67979.63183516073,0.5781453174436498
35.156359988833565,5.505371596938219,98.11682899795775,367.2657759298051,9.440944094409438,121.15211521152116,18911.722053032034,33612.34117278883,0.5626422139360583
42.57588022805848,6.271435373565079,98.86329335932686,243.18434255269418,10.86108610861086,120.11201120112011,12127.620482021859,22649.4908046351,0.5354478202900704
34.591369495576885,5.544259604223834,99.99945783801414,657.6662990167616,9.320932093209318,121.27212721272127,34899.252194953835,61101.86670475685,0.571165073623469
48.146873597966064,6.2293231790482375,101.91045942916699,204.09119647036832,10.801080108010801,113.77137713771377,10360.720408502053,19340.98605551813,0.5356872901289363
32.775702559599175,6.342946308343792,99.76875457938829,790.8200073633258,10.741074107410743,120.3920392039204,42309.51867200689,73989.59435630818,0.5718306613259555
43.187109498931875,6.099162015199018,99.44703563071272,662.2470578321779,10.321032103210324,121.13211321132114,35268.43557968195,61663.75214920003,0.5719476086104418
43.64568433712055,5.854683421744584,98.8931581748657,230.97832036035314,9.980998099809984,119.23192319231923,11541.859880182541,21381.02414838795,0.5398179151793696
37.51718418049678,5.8556838190976706,99.5237802582093,250.16553836715957,10.341034103410344,125.83258325832585,12900.386686541691,23387.582483231217,0.5515912854948222
30.895689369507032,5.572779033916487,101.82489728506985,208.59447998336816,9.340934093409341,128.85288528852885,10679.177047481779,19870.90402544581,0.5374278409178813
43.72834700575709,6.183579564498778,99.11976831135958,586.4378847566766,10.641064106410642,120.71207120712072,31169.8328218535,54500.21173356668,0.5719213160901538
33.5537184412303,6.454142441355161,98.13684746177458,475.784534848504,10.82108210821082,119.87198719871988,24638.24926832541,44023.84991073477,0.5596568523262574
34.873000135945105,6.279756213955481,101.58070277692056,120.25422918172883,10.901090109010902,124.05240524052407,5913.694994298096,11519.239834261363,0.5133754552717231
48.65526705918214,6.301236984283922,100.96974292178744,731.099182288578,10.841084108410847,117.05170517051705,39054.36068869461,68804.31287356534,0.5676150092576437
41.36374022411913,5.777686231064445,98.41591380395927,742.65956016255,9.880988098809883,119.49194919491951,39167.53891246081,68170.79046550562,0.5745501650340927
39.33514063097725,6.171680470038524,99.93116844262278,138.75618807485117,11.281128112811285,118.95189518951895,6537.409673501654,13059.44300651108,0.5005887058308904
42.975775366339974,6.383723873325748,101.75217153121545,113.1106512735268,11.361136113611362,114.71147114711471,5379.32211955199,10789.495131215053,0.4985703273537879
34.8545388786166,5.946923892219928,99.83750188863635,472.0899359627111,10.301030103010302,123.15231523152316,25143.54415764254,44118.007374599656,0.5699156796487276
44.78786885420345,6.35372290921353,98.29097385890944,145.9874836731145,11.08110811081108,116.2916291629163,6993.554695604656,13527.083947460686,0.5170038659305793
41.012582710522985,5.86709763551557,99.36163978615053,716.0644460578827,10.061006100610062,120.77207720772078,38037.649972636515,66412.37382941027,0.5727494407945979
32.71000716061476,5.5634240948989495,98.04689649380343,421.21338072948527,9.48094809480948,121.27212721272129,22029.984086788914,38521.53208306954,0.571887536541446
46.58659478176216,6.284699780466585,101.93460423123105,139.7454361881635,11.521152115211517,111.6111611161116,6673.708251367395,13282.908754804352,0.5024282237091746
32.57450020725064,6.293612291410966,100.31349525824554,508.3882849178378,10.781078107810782,120.83208320832084,26867.620883279003,47823.27583823595,0.5618105496193894
44.68791990622842,6.000792706016195,100.78619500857644,221.82386274313913,10.061006100610065,117.07170717071706,11139.919142820723,20854.070719742016,0.5341843946215664
36.603400038031104,6.461230378484457,98.62497948089188,383.55248584889074,11.221122112211223,119.37193719371939,19698.399235343135,35652.290831917206,0.5525142641804218
39.192275139023096,6.395597225315246,101.599800668691,480.9116467880495,10.84108410841084,124.03240324032404,25858.961969866246,45892.6058267404,0.5634668483958459
33.84940764881649,5.876648942895736,100.92201842724883,380.7231693539616,10.081008100810081,124.55245524552456,20030.688129770107,35951.1553147989,0.5571639618915026
42.8162669344803,5.735776962412712,98.00690321027987,438.1867657318866,9.660966096609659,120.53205320532055,22654.828998555935,40142.83293897793,0.5643555110570815
34.25392331596126,6.474779709964288,98.72050272205837,773.4050645898026,10.94109410941094,118.99189918991901,40837.7105170215,71784.47574443172,0.5688933448843813
37.98219967688964,5.578591895647039,100.40459239136854,93.4136057445752,10.461046104610457,117.49174917491749,4223.110365737263,8768.621582111771,0.48161621826086376
31.910174201759993,5.803251137029964,101.34980212459375,484.1648374421818,9.940994099409941,123.69236923692371,26019.56466744579,45742.326069550196,0.5688290671507089
35.3985593078368,6.454428562562521,99.87609116454695,494.57569655666776,11.041104110411045,120.8920892089209,26109.320493762196,46449.69170848407,0.5620988973968435
43.41644612278396,6.441396721284383,99.30759243471294,234.50281768125282,11.041104110411041,119.65196519651965,11829.46757698715,21952.93714789701,0.5388558030887616
48.601266613796874,6.098994594963569,101.99060768366495,59.76768511095885,11.681168116811683,100.05000500050005,2380.596786375287,5660.239397818087,0.4205823498018407
30.400704632319492,6.264976382492711,98.01382131597899,543.1046940759279,10.641064106410642,118.79187918791878,28134.21817602278,50016.967603741155,0.5624934801908783
47.86658353549123,6.272901600995474,101.01229097332642,583.7533771902707,10.681068106810685,117.49174917491749,31067.116051833957,54979.318217653636,0.5650691397962522
37.314086451061485,6.396701971361006,98.20534410616195,101.7706106088161,10.921092109210917,120.21202120212021,4620.237795513292,9485.295577046822,0.48709476241242977
40.66717188073983,6.167534309917937,99.41543416354583,279.76084930455625,10.641064106410642,123.45234523452345,14452.405574393233,26175.272397870925,0.5521396436573007
45.48215470364259,6.490341398881609,98.2285993574825,735.2529707322108,11.041104110411037,118.8118811881188,38552.127025594804,67990.96820507475,0.5670183561633312
35.95328533896943,5.8365205151721975,100.71548648612563,130.57699126585675,10.881088108810882,121.63216321632163,6209.618456945732,12343.366527056078,0.5030733263356104
42.28918182832854,6.3389704419615125,101.11595745755972,692.3554907748372,10.861086108610866,121.87218721872189,37137.30824050562,65616.44751159442,0.5659755998515991
35.246625326045795,6.117202825450046,100.29001845055646,223.93052341793003,10.641064106410642,126.45264526452647,11636.15339983288,21148.302124155638,0.5502169077933703
47.09313387905188,5.870738577192833,98.2744119069033,258.65762475901306,10.02100210021002,117.43174317431743,13109.142273697302,23752.175084355575,0.5519133396053345
44.91818115044058,6.411532415225254,101.50198450956961,772.4340106219747,10.981098109810983,120.83208320832084,41937.90706026501,73368.25387552094,0.5716083570888614
35.27170355637848,6.175411051464672,99.47472232219533,778.6969005769428,10.58105810581058,120.45204520452045,41416.04703858223,72553.74778323459,0.5708326351702602
44.208264390783924,5.873674898594968,101.39440082572514,198.5533319962244,10.26102610261026,117.45174517451744,10045.50090698513,18739.371351651138,0.5360639222350442
33.06818291581723,6.239940842398817,98.70121359782426,521.5431867595635,10.72107210721072,120.91209120912092,27560.339114251212,48360.331136989196,0.5698955831419283
46.35330779779015,5.764319592957771,100.93936160042061,463.00698682095395,9.800980098009802,118.97189718971897,24675.237614069574,43370.807420025514,0.5689365516095125
48.71334222307638,6.3677706674538275,98.64842158241963,230.6027273449304,11.121112111211119,115.97159715971597,11744.841777055584,21352.32100597177,0.5500498879616325
45.45369215807008,6.175186419464365,99.72860840027262,489.78778253362526,10.381038103810376,120.41204120412041,25970.62894901898,45737.89738808877,0.5678142291644204
48.564045281104924,5.664868187736351,100.39604372100567,164.11361757767418,9.840984098409841,111.97119711971197,7963.225169161944,15260.144310096535,0.5218315769067303
40.968374103490326,5.848397010446394,101.08265747069635,612.8362838974901,10.061006100610062,122.29222922292232,32910.03468129667,57721.257645917554,0.5701544980738009
45.097321688320115,5.875596779258047,99.7461858565331,173.07368814810133,9.940994099409941,115.97159715971597,8458.899540415934,16111.360353576158,0.5250270216033219
49.12240710024242,6.256329804057433,101.21042679443421,178.74837167460112,10.98109810981098,111.45114511451145,8764.960409537332,16839.474209205637,0.5205008363471224
43.92837647975701,6.252543697168472,101.75909976344838,59.28650534619874,11.501150115011502,105.47054705470546,2415.722904220372,5643.704663299367,0.42803850455351716
40.773877533747566,6.060978171288123,99.3709134786981,63.21459782937751,12.361236123612365,113.21132113211321,2722.850394861051,5912.302447564708,0.46053976754565384
42.90692111810036,6.267689086633533,100.86765084023696,523.9353089167506,10.94109410941094,122.0922092209221,27963.62131309279,49544.167096244426,0.5644180324753608
33.14615301714115,6.459301282887367,99.30458113783001,417.9015275880378,11.2011201120112,121.63216321632164,21997.15697456905,39106.2048921225,0.5624978704850014
48.95573735661317,6.492109935850314,101.62395021529,358.0792541406069,11.341134113411343,115.27152715271527,18803.097970829214,33944.49875285496,0.55393653350818
43.53115457510885,6.31235482555182,99.82787061613325,560.6255665635707,10.821082108210824,120.85208520852088,29706.004648848895,52526.12243128302,0.5655472605599546
44.3282532313207,6.41997641518975,98.09452496765135,476.35380238432106,10.901090109010902,119.53195319531955,24889.04312842564,44001.60897150637,0.5656393870629313
35.59585127632037,6.410633572494233,101.60257735503492,541.9721185374208,11.041104110411041,123.67236723672369,29275.729982922006,51704.77084657359,0.5662094523113446
40.980934159882025,5.835823879887604,101.91566808194686,620.4955554025155,9.940994099409941,123.77237723772377,33790.23079276404,58883.54315305919,0.5738484639915649
32.29965213978253,5.974734179384418,100.75521690491689,604.4461235274351,10.281028102810279,122.89228922892289,32562.66078262024,56894.958324364496,0.5723294601426173
46.780738873560466,6.446656719575045,99.12102147048014,471.87174830333964,11.041104110411041,119.17191719171917,24808.375902290027,43960.5079700782,0.5643332401703796
47.75733768272718,6.057755514015661,99.84202095901304,180.38233878493972,10.321032103210321,114.29142914291428,8935.306872250656,16799.475417052872,0.5318801123504471
39.78015298036314,5.5740520202868105,99.20718161136193,332.39827299823975,9.560956095609559,121.7921792179218,17093.297754677984,30763.931370184735,0.5556278730762017
36.394999261927595,6.374216635579862,98.81618488778301,799.7074389615742,10.801080108010801,119.4919491949195,42304.17032759879,74217.96531300152,0.5699990581685743
32.76608492971806,5.817827557779543,101.32101469937665,786.3938710392761,9.820982098209821,122.95229522952296,43024.71843630982,74144.3500584592,0.580283169282446
44.585096211356735,5.8080003921779575,101.96795565060937,185.19505870244856,10.38103810381038,116.39163916391638,9325.521269173669,17534.070614693515,0.5318514721481103
45.37538254459919,5.979581431741159,99.53924545656359,136.2874179254759,10.261026102610263,113.93139313931393,6433.5957707464195,12682.527495019043,0.5072802541349238
47.97753313084561,5.946480153324899,101.56899911179609,535.1277631686428,10.161016101610166,117.45174517451744,28707.608543492894,50392.11395363297,0.5696845456792599
30.207290822252226,6.16519621289202,101.89937892452382,771.325497947842,10.601060106010603,123.51235123512352,42241.53849576329,73454.0216678498,0.5750745505368572
36.31082380994607,6.198326120410825,100.82369476420058,150.95504748057147,11.001100110011006,122.53225322532253,7311.524165024794,14345.791116290482,0.509663364380242
36.166665270948094,6.005256076491428,101.87063331334414,57.15273222038507,11.981198119811985,113.19131913191319,2368.8145094410124,5468.251891073577,0.4331941096766018
45.613592826211175,6.4825749294016095,99.05655374760286,610.392786609638,11.101110111011103,120.9120912091209,32429.346665804234,56928.539457265135,0.5696500731438605
39.57151204571626,5.923592188283181,100.25966791284226,265.56084803188054,10.401040104010399,123.35233523352335,13623.03538749268,24964.66654653834,0.545692663753271
46.314113301004866,5.660793506101274,98.49331983243177,571.3092105959355,9.580958095809578,119.1919191919192,29839.551060188038,52408.76045689677,0.5693618929363798
44.383110408203734,5.723529295206113,101.1205143946662,339.8736516358724,9.760976097609763,120.05200520052004,17951.54094202748,31926.090683065697,0.5622843435557042
49.621972138425136,5.8109142316336015,100.27987676400555,479.3814776568691,9.820982098209818,115.31153115311531,25007.3838094013,44548.21488659059,0.5613554633572702
33.64443832663188,6.392326336679003,98.36437821817458,359.9174754934929,11.121112111211122,120.59205920592059,18570.825597790914,33385.41060368086,0.5562557195490481
49.28077987186252,6.033921817880858,101.02964792984315,581.9727142046384,10.26102610261026,116.1116111611161,30909.745396057813,54565.35922260213,0.5664719491712673
31.23303306128787,5.8341837479371135,101.44592747099013,53.342999293736185,11.501150115011502,115.43154315431542,2103.0632494167708,5092.371652374095,0.41298306427346276
32.46219643171548,5.692445791520175,99.58472621780056,101.62324796023887,9.580958095809581,124.11241124112411,4664.552294736462,9521.464404136941,0.48989862239150733
43.783722409635786,5.663716912857756,101.44874619627232,419.41515559678976,9.660966096609659,120.07200720072007,22056.722737058524,39488.2871971922,0.5585636729928073
34.30109757022922,6.072935223089924,98.2074375205431,483.9786271472513,10.46104610461046,120.4920492049205,25394.714471330048,44589.21490873635,0.5695259385774579
35.68379030334269,5.75788474054896,99.5928626572615,488.1191466467968,9.700970097009705,121.09210921092111,25862.092275573603,45317.352452227235,0.5706885083994474
38.402502409066344,6.475564238588886,101.49849055194844,211.48710118146866,11.261126112611262,122.05220522052207,10680.775360684216,20229.34774934836,0.5279841689917201
44.215074081157354,6.345453843990927,99.00817601853825,240.0645517155183,10.98109810981098,118.83188318831884,12080.740064940346,22372.638423383607,0.5399783358727017
38.76277947311332,6.025765193755148,99.96464740460002,110.9378745137766,10.421042104210422,119.2119211921192,5205.04816350911,10425.937178116124,0.4992403152432592
34.97260987322886,5.68694884254024,98.09135424559703,554.5640769004976,9.700970097009701,119.87198719871986,29278.370560361367,50715.4483584601,0.5773067479048974
31.35158216038299,6.449862103277667,99.30283554808082,73.41863212972618,10.94109410941094,121.93219321932195,3164.1099759385775,6936.543745838085,0.456150799573208
37.04843278982871,6.1940656938804235,98.69079875844683,258.31046616348,10.321032103210324,122.5722572257226,13065.671119865381,24029.548283892098,0.5437335302979369
35.65230826345813,6.39481938501582,99.61217605748901,364.4186033448331,11.021102110211022,121.35213521352135,18997.308507967828,34173.15259531686,0.5559132554416781
38.74515833152582,5.5436028301888385,99.00190271781909,622.5317966207449,9.440944094409438,119.71197119711972,32700.82477840329,57285.292519887116,0.5708415430898062
46.27180829665107,5.579982135094076,99.72108785794303,192.1216628200994,9.800980098009802,116.25162516251625,9607.267169936467,17794.693597783382,0.5398950601281052
31.409914971412938,5.870968440015421,101.7136870366694,116.70275868386658,9.74097409740974,125.5925592559256,5584.690867395413,11156.791496486363,0.5005642409965458
33.186367032661686,5.985089501024406,100.5890178622458,321.6024076628693,10.101010101010104,122.6922692269227,16723.62315709379,30285.374979912118,0.5522012908272176
39.7345114194197,6.048264555585867,101.63389262947047,409.1488811208859,10.381038103810383,124.03240324032403,21886.29812154302,38898.49451117515,0.5626515472277546
41.989173862520715,6.181592410309352,100.46204529230253,684.8012562572799,10.481048104810483,121.49214921492151,36911.81884735377,64362.298182472914,0.5735006345283917
41.9781689063868,6.3036132124649455,101.42963568344847,219.77616257695917,10.7010701070107,120.19201920192019,11266.676043154874,20900.928812923943,0.5390514528803239
31.020820714228524,5.975133519207581,98.05229486010798,523.8867102750817,10.161016101610162,119.87198719871986,27302.704353152745,48115.852334600575,0.5674367807783612
33.408250050894125,6.322018989642247,101.58972780875973,709.2464308882835,10.741074107410743,123.13231323132314,38267.030683100296,67530.17667423791,0.5666656384996367
34.13121444165454,6.444247645234125,98.02924093523532,484.66574920901587,11.121112111211122,120.43204320432044,25309.021432540758,44809.72605313933,0.564810894012766
44.131829550629604,6.430608204920161,99.39768048652876,223.89084871594346,10.94109410941094,119.07190719071907,11321.134633968672,20952.841710107372,0.5403149983473367
39.26766484377234,5.818713372420607,100.18212415321709,614.8849483736375,9.940994099409945,121.23212321232123,32762.17764183362,57413.02557457924,0.5706401520204802
40.170094434485534,5.880560190165475,101.46162754325759,477.5317048409259,9.940994099409945,123.29232923292331,25691.22081815938,45180.668136220615,0.5686330432453951
35.51514318981361,5.578072213793824,100.49642573555045,304.93625285372707,9.640964096409643,125.93259325932594,16038.365665801488,28616.193819139222,0.5604646714083489
47.968532196499595,5.976261953903186,101.36307468259193,280.7693053495827,10.101010101010104,115.49154915491549,14534.732294038282,26410.37634982051,0.5503417331702304
31.08249641929584,5.7260673528658685,99.25359590257044,324.3420243833044,9.940994099409941,123.97239723972397,16818.330766270225,30140.94172388758,0.5579895585326454
46.434335203306304,5.558116326680384,101.89338456079916,476.63732303597453,9.540954095409539,117.83178317831782,25259.00127409326,44848.47238090657,0.5632076174092125
38.902348633750655,5.521958499590188,98.66588140099023,402.582297956694,9.320932093209322,121.01210121012103,20903.282970748856,37001.33860878772,0.564933155304397
39.75182682469069,5.778130418118746,99.05568947350658,668.1149368570481,9.940994099409938,119.7919791979198,35438.60247484804,61673.9631125789,0.5746120516069131
30.09037947850637,5.877235147113255,100.97123355826392,773.7378328720666,9.940994099409941,121.95219521952197,41902.02968378586,72759.17609158056,0.5759002772522409
44.606849624127264,6.115184828738467,101.29335473184463,270.3110064620157,10.84108410841084,118.29182918291829,13938.629200670086,25561.040978949364,0.5453075722600327
37.85483193653502,6.471914640473995,101.26402228957585,575.9831263835862,11.1011101110111,122.49224922492249,31026.446236497603,54770.8294669414,0.5664775673193804
41.16702940285424,6.131618148850196,101.34990180966989,88.99835989531181,10.981098109810986,113.85138513851385,4025.2915988021405,8452.286267675012,0.4762370169827892
31.214310112366555,6.454139809626049,100.24839541338342,55.385896566785036,11.661166116611662,119.17191719171917,2296.579327928527,5277.694431505008,0.43514821817253746
46.117072041265985,6.181306563155812,101.39725219252207,749.2851579574988,10.541054105410538,120.11201120112011,40788.00235713057,70820.22339195377,0.5759372168510372
37.72655227308608,5.735500600522713,101.578345528611,408.10664345093534,9.900990099009903,123.6123612361236,21615.171655835347,38635.95867601839,0.5594573655358017
31.458725754555207,6.454806226995965,100.27188344749895,244.69012371409485,10.96109610961096,125.05250525052506,12579.56470093459,23186.79157828728,0.5425314950738775
40.518292889782515,6.487553720697132,101.51274185922108,322.537453222286,11.44114411441144,122.77227722772277,16909.822954890733,30810.85039933309,0.5488268819498975
38.57288463144791,6.070899428283816,100.59288543160714,576.5412227150719,10.401040104010402,121.63216321632163,30704.615538778162,54228.7638947464,0.5662053370490486
38.487827292091744,6.48355694333935,100.98659860665836,500.50545628636127,11.121112111211119,123.61236123612362,27014.510250164567,47543.21132955565,0.5682096243543138
42.426745263835585,5.959347268107367,101.25660261255,515.6181656084193,10.201020102010204,123.69236923692368,28188.15556820196,48721.92887147394,0.5785517162623207
40.03376001285094,5.535146104945771,99.34502316854812,584.2163957540291,9.540954095409546,121.57215721572159,31153.35373446266,53976.2478300895,0.577167828199721
47.359361424156106,5.824825047671659,100.92020005565922,632.1885025896092,9.920992099209919,118.23182318231822,33769.19276576624,59190.10878149428,0.5705208768990155
49.70718323381374,6.045441692608205,100.32165981516746,157.47147052084262,10.441044104410445,111.45114511451145,7698.6350692816795,14689.591402084663,0.5240877610924654
44.24686336451404,5.8134187244286695,100.49618808828451,660.6639763773054,9.88098809880988,121.77217721772176,35546.68730821643,61844.30398395191,0.5747770613998745
46.73300839767256,6.464033624397362,100.6304345380961,605.5319272817327,11.121112111211126,119.33193319331933,32519.214287597682,57087.857573858324,0.5696345189609793
43.2235837249355,5.976608150992629,100.63015658756302,695.7838887108809,10.241024102410243,121.91219121912192,37285.372495341835,65375.156182466206,0.5703293830958659
45.916675945570134,6.362089249508622,98.25491378506524,120.08968698175347,11.1011101110111,112.95129512951294,5513.5567937171245,11117.613201037624,0.49592989916239716
49.85981414215516,5.577093439984489,99.09664480273815,272.1982370262974,9.6009600960096,113.73137313731372,13654.726359745357,24990.774343193883,0.5463906869081931
36.055225344151694,6.185411760480193,98.39138062289852,219.22402774980617,10.781078107810785,125.19251925192519,11016.221699849328,20397.721841859573,0.540071179774703
36.485547164622865,6.315661250567691,100.51043495781111,639.9702689746581,10.621062106210623,121.67216721672168,34238.8486929552,60316.5137601692,0.5676529785706096
30.23025830759408,6.335428259961441,98.07167357065565,501.3775210391793,10.881088108810882,119.57195719571956,26255.981122268826,46252.72977996135,0.5676633843489176
40.17145691619352,6.478029301003841,98.87625967590061,127.6650606654552,10.701070107010704,120.15201520152014,6131.851770765231,11948.41577542215,0.5131937058449563
38.69909177177692,5.564597814129,98.46206984868282,607.5329442610907,9.580958095809581,119.79197919791979,31967.515481129492,55663.84126191489,0.5742958940025868
48.24161133026489,6.219826741409692,100.61790543414253,667.1327747177064,10.681068106810685,117.53175317531753,35547.07640001592,62585.45393258359,0.567976648987908
38.53156164219168,6.026965242823439,100.02968363931355,651.8401821410861,10.14101410141014,120.29202920292029,34764.58378696877,60874.152226663195,0.5710894117674743
42.99062443767319,5.6923728742712525,101.73267792028417,199.25029326490417,10.02100210021002,118.47184718471847,10115.354170408906,18829.972637135023,0.5371943106523789
41.82572100882162,6.273790661959743,101.51252164832597,555.0055149354018,10.801080108010801,123.6123612361236,30088.366025187,52797.996962346006,0.569877036180845
46.15867149622551,6.096418001611433,101.60901911760376,662.3410294984901,10.441044104410445,119.2119211921192,35640.37613471702,62635.59092813038,0.5690115732381557
34.616924596477396,6.1823058348852395,99.3328884875944,51.57763070645508,11.621162116211622,113.77137713771377,2015.583286093543,4850.16149159579,0.41557034535573373
32.52070415100683,5.6789291867746385,101.65711980173269,633.5139641553195,9.72097209720972,123.63236323632364,34346.67321886599,59879.7717743661,0.5735939233083289
35.577958840802346,5.729709708123764,98.11987979318174,646.4994982122633,9.74097409740974,119.3919391939194,34016.25198350033,59153.15625776785,0.5750538793783029
33.48358271750246,6.209542904488179,101.29728597041054,336.9538647005913,10.601060106010603,126.29262926292631,18133.632599406777,32066.91831367346,0.5654934603327482
33.43913248249614,5.73136429696502,99.30680621029074,544.778827411729,9.78097809780978,120.85208520852086,28663.098753880247,50446.07927138082,0.5681927945219215
38.65061080830188,6.319842427319799,101.77782021049646,702.5487157930514,10.781078107810785,122.65226522652267,38013.234673192615,66957.32335122112,0.5677233313792458
36.80206971869184,5.596160256024003,98.80582203750296,211.10512799580673,10.02100210021002,125.13251325132512,10665.27554110599,19555.39438372846,0.5453879032979406
38.06018147311707,5.510235772528326,101.87712476887494,483.6405548747312,9.480948094809477,124.01240124012402,25985.999730019845,45743.52130944556,0.5680804403803956
39.40748039772525,6.153702980327573,99.29911864926271,369.12495887905266,10.5010501050105,123.13231323132312,19414.793549701462,34453.15576649744,0.563512778953636
33.463585417454894,6.029643305501932,98.66007659998075,463.12889878464125,10.12101210121012,119.17191719171917,23980.34622064635,42778.073981064,0.5605756404849225
42.73379008615922,6.237821952400122,100.59761527312268,724.5172217545256,10.661066106610658,121.63216321632164,39260.59929961379,68213.6957712898,0.5755530301605214
30.852551860085278,6.187646299418033,99.9641130073633,723.5242103775005,10.521052105210522,120.87208720872087,38466.93804665386,67736.26179097313,0.5678928395156898
40.824848960932314,6.4999981667233655,99.04453304045836,240.9181091239272,11.081108110811083,121.19211921192118,12178.216147478483,22543.893739527608,0.5402002106728201
46.219263114791616,6.0014411543352555,99.40169428596614,177.1965967413011,10.861086108610863,115.87158715871587,8756.588522255548,16468.59040970199,0.5317145125606415
41.10992587317616,5.733749910115138,99.94594678803305,117.18416851387005,10.301030103010302,115.95159515951595,5386.089837127203,10950.590842608488,0.4918538108619725
46.3488842140237,5.860796895840264,98.10203012180901,567.9630275716585,9.940994099409941,118.53185318531854,29600.97971287604,52035.013993530934,0.5688665658196244
39.37626081381576,6.291428648499131,98.76304743542588,488.72194756158405,10.94109410941094,120.4920492049205,25745.82758061534,45363.889073889375,0.567540131726364
45.123027530730695,6.42455477612606,98.52841905318112,703.5107028029001,10.821082108210824,119.73197319731973,37251.7195047319,65189.72388814505,0.5714354545917357
32.56852684849393,6.116958419618542,100.36568151664684,162.86613439332217,10.46104610461046,127.27272727272727,8013.513774135188,15437.923049612205,0.5190797847859777
30.348959212641866,5.642629710833038,98.37772835782299,620.219232359229,9.660966096609663,118.991899189919,32658.703684369182,56788.77763947359,0.5750908021247544
31.912207071624124,6.488565439707113,101.21543918810944,287.46583647947773,10.96109610961096,126.15261526152615,15128.455846625031,27462.617317905148,0.5508745095742037
33.6433370282274,5.5053565065409344,99.56955968503244,413.05445198762254,9.340934093409341,123.15231523152316,21804.132043227117,38301.414943288655,0.5692774555590598
35.952198776271,6.032568325814561,99.45966564332136,510.13738166226136,10.24102410241024,121.77217721772178,27039.189931557292,47510.261008984744,0.5691231611302633
39.82199889443312,6.089089138857522,101.88420112287302,157.11048570849653,10.24102410241024,119.61196119611961,7762.36549125356,14982.49089229589,0.518095792418938
40.178710516258896,6.337130297992926,100.52424129566336,481.62744628946433,10.861086108610863,122.8722872287229,25657.914297296044,45482.79956308788,0.5641234608196598
47.13078735537218,5.533860079870059,101.72073080782522,342.83599331236513,9.520952095209523,116.2916291629163,17848.7220825135,32181.346610420696,0.5546294348271267
46.634223859638745,6.479714447592612,99.94811807240107,342.80010904388905,11.001100110011002,117.53175317531753,17675.811863294395,32160.063131166917,0.54961993672719
33.64228071259843,6.038062887368428,101.91855771571997,164.78786729249885,10.901090109010902,126.33263326332633,8300.174947068086,15794.784545048875,0.5255009920138421
30.129963079740733,6.082732821244392,98.98496931613595,384.95169844135415,10.561056105610561,121.93219321932195,20112.66614921566,35775.63743482287,0.5621888970072866
41.437409482908045,5.781785462140263,98.80097663918498,635.4546672022516,9.900990099009903,120.31203120312033,33850.56551132722,58548.299520460314,0.5781647936589138
30.329077290825488,6.113429293354837,100.52088008723223,299.03356812455763,10.581058105810584,124.73247324732473,15555.883703602332,28251.242271682135,0.55062653719815
32.873579967302874,5.848798927035157,98.83490872631661,619.1843332415267,10.141014101410143,120.07200720072008,32675.440215746126,57139.96946899877,0.571849101765344
49.46511016768615,5.757440191669986,99.59328939155358,382.49524158130583,9.940994099409941,115.33153315331533,19736.235383650903,35350.026652763016,0.558308925125189
37.603274049289,5.704784289116418,98.25532192737198,612.7279137061639,9.880988098809883,118.99189918991901,32012.679543166254,56121.83713347256,0.570413963232024
42.13019657756193,5.864962647007276,98.75753371335983,180.827410507018,10.161016101610159,119.95199519951996,8918.784411570949,16745.99222447697,0.5325921744150046
33.137160431329704,5.880746176319839,101.32390940036032,492.4920124312385,9.88098809880988,122.65226522652266,26376.72924419323,46517.96950498934,0.5670223684497699
49.54469574028202,5.7191890921555535,99.55522224246621,292.37970983292854,9.64096409640964,115.33153315331533,15097.041425820602,26992.8099615902,0.5592986223851149
38.76465034660053,6.4208779063534145,101.71146505727415,403.17725374485525,11.021102110211025,125.35253525352536,21681.892459809078,38577.1383483639,0.562039938370095
46.774878822137396,6.254926170782025,98.30713726347636,339.8752536382632,10.901090109010902,118.09180918091809,17344.784403201757,31393.829514161684,0.5524902400128523
33.334883691673504,5.818755943998041,101.48723852697657,653.9692157026627,9.940994099409941,122.93229322932295,35407.52904894305,61792.491233557346,0.5730069842161414
49.11469832676333,6.407054376510852,100.3721395795508,257.6951298781166,10.98109810981098,114.09140914091408,13081.015158210286,24169.74386415172,0.5412144717682298
49.51778388557034,5.9883445937943165,100.18774909539741,484.52030919662315,10.201020102010204,115.53155315531552,25300.443426925554,45103.107983054244,0.5609467852288854
41.17780469389395,5.713954143745948,100.33880403094014,290.737668517621,9.820982098209825,122.65226522652267,15156.79760525819,27224.03896093917,0.5567431646349404
42.20498976966465,5.645010237759047,99.94606391638608,160.52076010016043,10.041004100410042,118.4118411841184,7870.164147969805,14961.38481038531,0.5260317977054371
41.29817070097158,6.306214759237801,100.50994318549103,91.12309055915586,10.761076107610766,113.77137713771377,4072.2920231114144,8615.211011589307,0.4726862775192979
48.285566818662524,6.089236064950267,100.47543019960186,69.46750371183015,11.441144114411443,103.59035903590359,2879.133063172447,6505.822581565718,0.4425471225315128
49.09192839388879,6.327562961478233,99.45341303923361,158.9582404639711,11.46114611461146,111.3911391139114,7597.584492155525,14797.82052022699,0.5134259117260184
39.903308624628075,5.6567518242915735,100.80361658833297,524.946784918003,9.760976097609763,122.35223522352236,28038.361066861347,49229.64173030132,0.5695422530284933
34.18786352541104,6.233787258188954,99.77140394680599,788.9099156091096,10.561056105610565,120.05200520052006,42002.28746451996,73703.06937231298,0.5698851869023841
45.29125739847169,5.56208085056407,101.31670973939849,494.976833885301,9.6009600960096,119.45194519451945,26302.569378033386,46429.37191897341,0.5665071115744474
47.19964242688209,5.558473744474744,100.75352372346919,721.8761968092115,9.580958095809578,118.47184718471847,38541.37503749069,67281.59073022607,0.5728368580348693
